Col1,Col2,Col3,Col4,Col5
60.0623,0.00260068,,-0.00260068,0.0109215
60.2078,0.00259401,,-0.00259401,0.0109215
60.3091,0.00258495,,-0.00258495,0.0109215
60.4545,0.00258972,,-0.00258972,0.0109215
60.5922,0.00258972,,-0.00258972,0.0109215
60.7351,0.00258924,,-0.00258924,0.0109215
60.8753,0.00260021,,-0.00260021,0.0109215
61.0208,0.0025983,,-0.0025983,0.0109215
61.1221,0.00258543,,-0.00258543,0.0109215
61.2597,0.00258352,,-0.00258352,0.0109215
61.4052,0.00257398,,-0.00257398,0.0109215
61.5429,0.00256778,,-0.00256778,0.0109215
61.6831,0.00256731,,-0.00256731,0.0109215
61.787,0.00256921,,-0.00256921,0.0109215
61.9299,0.0025716,,-0.0025716,0.0109215
62.0727,0.00256492,,-0.00256492,0.0109215
62.2078,0.00256778,,-0.00256778,0.0109215
62.3481,0.00257017,,-0.00257017,0.0109215
62.4935,0.00256492,,-0.00256492,0.0109215
62.6286,0.00255634,,-0.00255634,0.0109215
62.7299,0.00255157,,-0.00255157,0.0109215
62.8649,0.00254585,,-0.00254585,0.0109215
63.0078,0.00255395,,-0.00255395,0.0109215
63.1429,0.0025592,,-0.0025592,0.0109215
63.2805,0.00255729,,-0.00255729,0.0109215
63.4208,0.00256158,,-0.00256158,0.0109215
63.5636,0.00256254,,-0.00256254,0.0109215
63.7013,0.00257064,,-0.00257064,0.0109215
63.839,0.00256397,,-0.00256397,0.0109215
63.9792,0.00255157,,-0.00255157,0.0109215
64.1143,0.00255395,,-0.00255395,0.0109215
64.2468,0.00255348,,-0.00255348,0.0109215
64.3792,0.00256111,,-0.00256111,0.0109215
64.5247,0.00256731,,-0.00256731,0.0109215
64.6597,0.00257064,,-0.00257064,0.0109215
64.7948,0.00257255,,-0.00257255,0.0109215
64.9273,0.00256921,,-0.00256921,0.0109215
65.0649,0.00255825,,-0.00255825,0.0109215
65.2026,0.00255968,,-0.00255968,0.0109215
65.3351,0.00256397,,-0.00256397,0.0109215
65.4779,0.00255252,,-0.00255252,0.0109215
65.613,0.00253583,,-0.00253583,0.0109215
65.7506,0.00252534,,-0.00252534,0.0109215
65.8857,0.00253154,,-0.00253154,0.0109215
66.0208,0.00253107,,-0.00253107,0.0109215
66.1584,0.00253011,,-0.00253011,0.0109215
66.2909,0.00253631,,-0.00253631,0.0109215
66.426,0.00252964,,-0.00252964,0.0109215
66.5662,0.00253202,,-0.00253202,0.0109215
66.7013,0.00253488,,-0.00253488,0.0109215
66.8312,0.0025406,,-0.0025406,0.0109215
66.9584,0.00253679,,-0.00253679,0.0109215
67.0935,0.00254156,,-0.00254156,0.0109215
67.2208,0.00254394,,-0.00254394,0.0109215
67.3506,0.00255586,,-0.00255586,0.0109215
67.4831,0.00254728,,-0.00254728,0.0109215
67.6182,0.00255014,,-0.00255014,0.0109215
67.7481,0.00256015,,-0.00256015,0.0109215
67.8727,0.00255729,,-0.00255729,0.0109215
68.0104,0.00255491,,-0.00255491,0.0109215
68.1351,0.00254394,,-0.00254394,0.0109215
68.2675,0.0025263,,-0.0025263,0.0109215
68.4052,0.0025201,,-0.0025201,0.0109215
68.5299,0.00251247,,-0.00251247,0.0109215
68.6597,0.00252153,,-0.00252153,0.0109215
68.7922,0.00253107,,-0.00253107,0.0109215
68.9195,0.0025263,,-0.0025263,0.0109215
69.0519,0.00253727,,-0.00253727,0.0109215
69.1792,0.00252964,,-0.00252964,0.0109215
69.3065,0.00252773,,-0.00252773,0.0109215
69.4416,0.00252725,,-0.00252725,0.0109215
69.5662,0.00252964,,-0.00252964,0.0109215
69.6935,0.00253202,,-0.00253202,0.0109215
69.8182,0.00253727,,-0.00253727,0.0109215
69.9429,0.00253917,,-0.00253917,0.0109215
70.0701,0.00253297,,-0.00253297,0.0109215
70.1922,0.0025387,,-0.0025387,0.0109215
70.3247,0.00254108,,-0.00254108,0.0109215
70.4494,0.00252821,,-0.00252821,0.0109215
70.5688,0.00253727,,-0.00253727,0.0109215
70.6909,0.00252964,,-0.00252964,0.0109215
70.8234,0.00253679,,-0.00253679,0.0109215
70.9429,0.00253059,,-0.00253059,0.0109215
71.0675,0.00252439,,-0.00252439,0.0109215
71.187,0.00253345,,-0.00253345,0.0109215
71.3143,0.00252821,,-0.00252821,0.0109215
71.439,0.0025468,,-0.0025468,0.0109215
71.5558,0.00253536,,-0.00253536,0.0109215
71.6753,0.00253965,,-0.00253965,0.0109215
71.7974,0.00252868,,-0.00252868,0.0109215
71.9195,0.00253393,,-0.00253393,0.0109215
72.0364,0.00252821,,-0.00252821,0.0109215
72.1636,0.00252153,,-0.00252153,0.0109215
72.2831,0.00253631,,-0.00253631,0.0109215
72.4052,0.00254585,,-0.00254585,0.0109215
72.5247,0.00254966,,-0.00254966,0.0109215
72.6442,0.00255968,,-0.00255968,0.0109215
72.7688,0.00255109,,-0.00255109,0.0109215
72.8831,0.00255252,,-0.00255252,0.0109215
73.013,0.00255395,,-0.00255395,0.0109215
73.1273,0.0025468,,-0.0025468,0.0109215
73.2442,0.00253059,,-0.00253059,0.0109215
73.361,0.00252725,,-0.00252725,0.0109215
73.4779,0.00253011,,-0.00253011,0.0109215
73.6,0.00253727,,-0.00253727,0.0109215
73.7143,0.00253774,,-0.00253774,0.0109215
73.8312,0.00254489,,-0.00254489,0.0109215
73.9558,0.00254442,,-0.00254442,0.0109215
74.0727,0.00254776,,-0.00254776,0.0109215
74.1896,0.00254823,,-0.00254823,0.0109215
74.3065,0.00255825,,-0.00255825,0.0109215
74.426,0.00255157,,-0.00255157,0.0109215
74.5429,0.0025325,,-0.0025325,0.0109215
74.6571,0.00253727,,-0.00253727,0.0109215
74.7766,0.00254346,,-0.00254346,0.0109215
74.8883,0.00255968,,-0.00255968,0.0109215
75.0052,0.00256111,,-0.00256111,0.0109215
75.1195,0.00256063,,-0.00256063,0.0109215
75.239,0.00255205,,-0.00255205,0.0109215
75.3455,0.00255586,,-0.00255586,0.0109215
75.4597,0.00255157,,-0.00255157,0.0109215
75.5792,0.00254251,,-0.00254251,0.0109215
75.6909,0.00253774,,-0.00253774,0.0109215
75.8026,0.00253679,,-0.00253679,0.0109215
75.9143,0.00255062,,-0.00255062,0.0109215
76.0234,0.00254919,,-0.00254919,0.0109215
76.1377,0.00254919,,-0.00254919,0.0109215
76.2494,0.00254776,,-0.00254776,0.0109215
76.3636,0.00254776,,-0.00254776,0.0109215
76.4831,0.00254203,,-0.00254203,0.0109215
76.5974,0.00253965,,-0.00253965,0.0109215
76.7065,0.00253488,,-0.00253488,0.0109215
76.8156,0.00253679,,-0.00253679,0.0109215
76.9325,0.00254013,,-0.00254013,0.0109215
77.039,0.00254013,,-0.00254013,0.0109215
77.1506,0.00254633,,-0.00254633,0.0109215
77.2675,0.00253297,,-0.00253297,0.0109215
77.3766,0.00251581,,-0.00251581,0.0109215
77.4909,0.00252821,,-0.00252821,0.0109215
77.5974,0.00253154,,-0.00253154,0.0109215
77.7091,0.00252344,,-0.00252344,0.0109215
77.8182,0.00251724,,-0.00251724,0.0109215
77.9247,0.00251342,,-0.00251342,0.0109215
78.0338,0.00251485,,-0.00251485,0.0109215
78.1506,0.00252821,,-0.00252821,0.0109215
78.2623,0.00253631,,-0.00253631,0.0109215
78.3662,0.00254633,,-0.00254633,0.0109215
78.4753,0.00254823,,-0.00254823,0.0109215
78.5844,0.00254156,,-0.00254156,0.0109215
78.6935,0.00254919,,-0.00254919,0.0109215
78.7974,0.0025468,,-0.0025468,0.0109215
78.9117,0.00255634,,-0.00255634,0.0109215
79.0156,0.00256397,,-0.00256397,0.0109215
79.1247,0.00255729,,-0.00255729,0.0109215
79.2286,0.00254823,,-0.00254823,0.0109215
79.3377,0.00255062,,-0.00255062,0.0109215
79.4494,0.00255062,,-0.00255062,0.0109215
79.5532,0.00255729,,-0.00255729,0.0109215
79.6701,0.00255586,,-0.00255586,0.0109215
79.7766,0.00256111,,-0.00256111,0.0109215
79.8831,0.00256397,,-0.00256397,0.0109215
79.9844,0.00257064,,-0.00257064,0.0109215
80.0883,0.00256731,,-0.00256731,0.0109215
80.1922,0.00256778,,-0.00256778,0.0109215
80.2935,0.00256158,,-0.00256158,0.0109215
80.4026,0.00255634,,-0.00255634,0.0109215
80.5091,0.00254966,,-0.00254966,0.0109215
80.613,0.00255157,,-0.00255157,0.0109215
80.7455,0.00254489,,-0.00254489,0.0109215
80.8494,0.00254394,,-0.00254394,0.0109215
80.9818,0.00254585,,-0.00254585,0.0109215
81.0831,0.00254728,,-0.00254728,0.0109215
81.2182,0.00254919,,-0.00254919,0.0109215
81.3195,0.00255586,,-0.00255586,0.0109215
81.4208,0.00256063,,-0.00256063,0.0109215
81.5221,0.00256778,,-0.00256778,0.0109215
81.6234,0.00256063,,-0.00256063,0.0109215
81.7247,0.00254823,,-0.00254823,0.0109215
81.8597,0.00253965,,-0.00253965,0.0109215
81.961,0.00254013,,-0.00254013,0.0109215
82.0935,0.00255157,,-0.00255157,0.0109215
82.1948,0.00253774,,-0.00253774,0.0109215
82.3247,0.00253727,,-0.00253727,0.0109215
82.4623,0.00254633,,-0.00254633,0.0109215
82.5922,0.00254203,,-0.00254203,0.0109215
82.7273,0.00254776,,-0.00254776,0.0109215
82.8286,0.00254823,,-0.00254823,0.0109215
82.9584,0.00254823,,-0.00254823,0.0109215
83.0805,0.00256588,,-0.00256588,0.0109215
83.2078,0.00256301,,-0.00256301,0.0109215
83.3377,0.00255539,,-0.00255539,0.0109215
83.4649,0.00254871,,-0.00254871,0.0109215
83.5688,0.00254871,,-0.00254871,0.0109215
83.6961,0.00255014,,-0.00255014,0.0109215
83.7974,0.00255348,,-0.00255348,0.0109215
83.9247,0.00255395,,-0.00255395,0.0109215
84.0494,0.00253822,,-0.00253822,0.0109215
84.1506,0.00254871,,-0.00254871,0.0109215
84.2779,0.00254251,,-0.00254251,0.0109215
84.4078,0.00256826,,-0.00256826,0.0109215
84.5351,0.00257112,,-0.00257112,0.0109215
84.6364,0.00257732,,-0.00257732,0.0109215
84.761,0.00257875,,-0.00257875,0.0109215
84.8649,0.00258924,,-0.00258924,0.0109215
84.987,0.0025859,,-0.0025859,0.0109215
85.0883,0.0025797,,-0.0025797,0.0109215
85.2078,0.00258256,,-0.00258256,0.0109215
85.3325,0.00257637,,-0.00257637,0.0109215
85.4623,0.00256874,,-0.00256874,0.0109215
85.5844,0.00257732,,-0.00257732,0.0109215
85.7065,0.00257207,,-0.00257207,0.0109215
85.826,0.00257303,,-0.00257303,0.0109215
85.9429,0.0025797,,-0.0025797,0.0109215
86.0675,0.00258018,,-0.00258018,0.0109215
86.1896,0.00257684,,-0.00257684,0.0109215
86.3117,0.00256969,,-0.00256969,0.0109215
86.4338,0.00257589,,-0.00257589,0.0109215
86.5584,0.00257875,,-0.00257875,0.0109215
86.6857,0.0025921,,-0.0025921,0.0109215
86.8,0.00259449,,-0.00259449,0.0109215
86.9221,0.0025983,,-0.0025983,0.0109215
87.0416,0.00259353,,-0.00259353,0.0109215
87.1662,0.00260688,,-0.00260688,0.0109215
87.2779,0.00260688,,-0.00260688,0.0109215
87.4,0.00259592,,-0.00259592,0.0109215
87.5195,0.00258781,,-0.00258781,0.0109215
87.6364,0.00259353,,-0.00259353,0.0109215
87.7584,0.00259496,,-0.00259496,0.0109215
87.8779,0.00258972,,-0.00258972,0.0109215
87.9948,0.00259115,,-0.00259115,0.0109215
88.1117,0.00258686,,-0.00258686,0.0109215
88.2312,0.00260259,,-0.00260259,0.0109215
88.3429,0.0025983,,-0.0025983,0.0109215
88.4623,0.00259019,,-0.00259019,0.0109215
88.5792,0.00258638,,-0.00258638,0.0109215
88.6961,0.00258543,,-0.00258543,0.0109215
88.8104,0.00258352,,-0.00258352,0.0109215
88.9273,0.0025859,,-0.0025859,0.0109215
89.0442,0.00258161,,-0.00258161,0.0109215
89.1558,0.00258352,,-0.00258352,0.0109215
89.2701,0.00258495,,-0.00258495,0.0109215
89.3844,0.00257541,,-0.00257541,0.0109215
89.5013,0.00258161,,-0.00258161,0.0109215
89.613,0.00257732,,-0.00257732,0.0109215
89.7351,0.00258256,,-0.00258256,0.0109215
89.8416,0.00260259,,-0.00260259,0.0109215
89.9532,0.00260021,,-0.00260021,0.0109215
90.0675,0.00261833,,-0.00261833,0.0109215
90.1844,0.00261261,,-0.00261261,0.0109215
90.2909,0.00261404,,-0.00261404,0.0109215
90.4052,0.00260498,,-0.00260498,0.0109215
90.5117,0.00260593,,-0.00260593,0.0109215
90.6208,0.00261356,,-0.00261356,0.0109215
90.7325,0.00261261,,-0.00261261,0.0109215
90.8468,0.00262119,,-0.00262119,0.0109215
90.9584,0.00261928,,-0.00261928,0.0109215
91.0701,0.00261356,,-0.00261356,0.0109215
91.1818,0.00260641,,-0.00260641,0.0109215
91.2883,0.00261022,,-0.00261022,0.0109215
91.3974,0.00261451,,-0.00261451,0.0109215
91.5091,0.00262262,,-0.00262262,0.0109215
91.6156,0.00262071,,-0.00262071,0.0109215
91.7273,0.00261261,,-0.00261261,0.0109215
91.8364,0.00261404,,-0.00261404,0.0109215
91.9429,0.00261785,,-0.00261785,0.0109215
92.0519,0.00261642,,-0.00261642,0.0109215
92.1584,0.00261308,,-0.00261308,0.0109215
92.2649,0.00261022,,-0.00261022,0.0109215
92.3714,0.00261022,,-0.00261022,0.0109215
92.4753,0.00260927,,-0.00260927,0.0109215
92.5792,0.00260259,,-0.00260259,0.0109215
92.6805,0.00260927,,-0.00260927,0.0109215
92.7844,0.00261737,,-0.00261737,0.0109215
92.8857,0.00262119,,-0.00262119,0.0109215
92.9922,0.0026312,,-0.0026312,0.0109215
93.0961,0.00263883,,-0.00263883,0.0109215
93.2078,0.00262357,,-0.00262357,0.0109215
93.3273,0.00263502,,-0.00263502,0.0109215
93.4364,0.00264598,,-0.00264598,0.0109215
93.5429,0.00264551,,-0.00264551,0.0109215
93.6494,0.00264503,,-0.00264503,0.0109215
93.7532,0.00265028,,-0.00265028,0.0109215
93.8779,0.00264598,,-0.00264598,0.0109215
94.0026,0.00266077,,-0.00266077,0.0109215
94.1039,0.00266077,,-0.00266077,0.0109215
94.2286,0.00265075,,-0.00265075,0.0109215
94.3299,0.00264885,,-0.00264885,0.0109215
94.4312,0.00263835,,-0.00263835,0.0109215
94.5481,0.00265171,,-0.00265171,0.0109215
94.6779,0.00264026,,-0.00264026,0.0109215
94.7792,0.00264503,,-0.00264503,0.0109215
94.8961,0.00263263,,-0.00263263,0.0109215
95.0052,0.00263025,,-0.00263025,0.0109215
95.1221,0.00264312,,-0.00264312,0.0109215
95.2312,0.00264503,,-0.00264503,0.0109215
95.3403,0.00263979,,-0.00263979,0.0109215
95.4545,0.00264789,,-0.00264789,0.0109215
95.5636,0.00263406,,-0.00263406,0.0109215
95.6649,0.00264694,,-0.00264694,0.0109215
95.7688,0.00265886,,-0.00265886,0.0109215
95.8779,0.00265123,,-0.00265123,0.0109215
95.9818,0.00264122,,-0.00264122,0.0109215
96.1195,0.00264312,,-0.00264312,0.0109215
96.226,0.00263883,,-0.00263883,0.0109215
96.3636,0.00263692,,-0.00263692,0.0109215
96.5039,0.0026498,,-0.0026498,0.0109215
96.639,0.00264741,,-0.00264741,0.0109215
96.7455,0.002656,,-0.002656,0.0109215
96.8779,0.00266124,,-0.00266124,0.0109215
96.9818,0.00266506,,-0.00266506,0.0109215
97.1117,0.00267364,,-0.00267364,0.0109215
97.2468,0.00266935,,-0.00266935,0.0109215
97.3714,0.00268413,,-0.00268413,0.0109215
97.4753,0.00267889,,-0.00267889,0.0109215
97.6026,0.00267507,,-0.00267507,0.0109215
97.7299,0.00268222,,-0.00268222,0.0109215
97.8571,0.00268938,,-0.00268938,0.0109215
97.9896,0.00268652,,-0.00268652,0.0109215
98.1169,0.00269033,,-0.00269033,0.0109215
98.2442,0.00269224,,-0.00269224,0.0109215
98.3714,0.00269653,,-0.00269653,0.0109215
98.4961,0.00270225,,-0.00270225,0.0109215
98.626,0.00270702,,-0.00270702,0.0109215
98.7532,0.00270177,,-0.00270177,0.0109215
98.8779,0.00270464,,-0.00270464,0.0109215
98.9974,0.00269796,,-0.00269796,0.0109215
99.0987,0.0027075,,-0.0027075,0.0109215
99.226,0.00270273,,-0.00270273,0.0109215
99.3506,0.00270273,,-0.00270273,0.0109215
99.4753,0.00270034,,-0.00270034,0.0109215
99.5766,0.0027013,,-0.0027013,0.0109215
99.6961,0.00270988,,-0.00270988,0.0109215
99.813,0.00269796,,-0.00269796,0.0109215
99.9377,0.00270845,,-0.00270845,0.0109215
100.065,0.00271083,,-0.00271083,0.0109215
100.187,0.00271894,,-0.00271894,0.0109215
100.312,0.00271656,,-0.00271656,0.0109215
100.429,0.00271751,,-0.00271751,0.0109215
100.551,0.00272562,,-0.00272562,0.0109215
100.678,0.00272562,,-0.00272562,0.0109215
100.797,0.0027342,,-0.0027342,0.0109215
100.922,0.00272705,,-0.00272705,0.0109215
101.049,0.00272562,,-0.00272562,0.0109215
101.171,0.00273229,,-0.00273229,0.0109215
101.286,0.0027404,,-0.0027404,0.0109215
101.403,0.00273086,,-0.00273086,0.0109215
101.525,0.00273325,,-0.00273325,0.0109215
101.649,0.00274087,,-0.00274087,0.0109215
101.769,0.00273754,,-0.00273754,0.0109215
101.894,0.00274231,,-0.00274231,0.0109215
102.005,0.00275947,,-0.00275947,0.0109215
102.127,0.0027528,,-0.0027528,0.0109215
102.252,0.00277378,,-0.00277378,0.0109215
102.377,0.00277664,,-0.00277664,0.0109215
102.491,0.00277425,,-0.00277425,0.0109215
102.613,0.00277139,,-0.00277139,0.0109215
102.735,0.00275756,,-0.00275756,0.0109215
102.844,0.0027609,,-0.0027609,0.0109215
102.956,0.00278045,,-0.00278045,0.0109215
103.078,0.00278522,,-0.00278522,0.0109215
103.195,0.00278856,,-0.00278856,0.0109215
103.317,0.00279237,,-0.00279237,0.0109215
103.431,0.0028,,-0.0028,0.0109215
103.548,0.0028062,,-0.0028062,0.0109215
103.665,0.00279476,,-0.00279476,0.0109215
103.779,0.00278856,,-0.00278856,0.0109215
103.896,0.00278808,,-0.00278808,0.0109215
104.013,0.00280096,,-0.00280096,0.0109215
104.13,0.00280191,,-0.00280191,0.0109215
104.247,0.00281526,,-0.00281526,0.0109215
104.356,0.00280954,,-0.00280954,0.0109215
104.478,0.00281622,,-0.00281622,0.0109215
104.592,0.00281908,,-0.00281908,0.0109215
104.709,0.00281812,,-0.00281812,0.0109215
104.821,0.00282718,,-0.00282718,0.0109215
104.943,0.00282957,,-0.00282957,0.0109215
105.049,0.00283815,,-0.00283815,0.0109215
105.164,0.00283577,,-0.00283577,0.0109215
105.281,0.00283815,,-0.00283815,0.0109215
105.392,0.00283958,,-0.00283958,0.0109215
105.504,0.00283481,,-0.00283481,0.0109215
105.613,0.00282623,,-0.00282623,0.0109215
105.727,0.00282384,,-0.00282384,0.0109215
105.839,0.00282146,,-0.00282146,0.0109215
105.951,0.00281288,,-0.00281288,0.0109215
106.062,0.00282766,,-0.00282766,0.0109215
106.182,0.00282909,,-0.00282909,0.0109215
106.291,0.00283243,,-0.00283243,0.0109215
106.405,0.00283529,,-0.00283529,0.0109215
106.514,0.00283577,,-0.00283577,0.0109215
106.623,0.00283004,,-0.00283004,0.0109215
106.735,0.00283481,,-0.00283481,0.0109215
106.842,0.00283386,,-0.00283386,0.0109215
106.951,0.00283577,,-0.00283577,0.0109215
107.06,0.00284626,,-0.00284626,0.0109215
107.166,0.00285055,,-0.00285055,0.0109215
107.273,0.0028453,,-0.0028453,0.0109215
107.377,0.0028391,,-0.0028391,0.0109215
107.481,0.00283863,,-0.00283863,0.0109215
107.587,0.00284244,,-0.00284244,0.0109215
107.691,0.00284149,,-0.00284149,0.0109215
107.813,0.00283338,,-0.00283338,0.0109215
107.919,0.00284816,,-0.00284816,0.0109215
108.029,0.00286008,,-0.00286008,0.0109215
108.135,0.00285627,,-0.00285627,0.0109215
108.239,0.00285389,,-0.00285389,0.0109215
108.345,0.00285293,,-0.00285293,0.0109215
108.473,0.00286771,,-0.00286771,0.0109215
108.579,0.00284626,,-0.00284626,0.0109215
108.686,0.00285245,,-0.00285245,0.0109215
108.787,0.00286199,,-0.00286199,0.0109215
108.891,0.00288107,,-0.00288107,0.0109215
109.013,0.00288583,,-0.00288583,0.0109215
109.135,0.00291015,,-0.00291015,0.0109215
109.257,0.00291778,,-0.00291778,0.0109215
109.379,0.00290634,,-0.00290634,0.0109215
109.499,0.00291874,,-0.00291874,0.0109215
109.6,0.0029092,,-0.0029092,0.0109215
109.725,0.00291492,,-0.00291492,0.0109215
109.844,0.00291778,,-0.00291778,0.0109215
109.969,0.00293161,,-0.00293161,0.0109215
110.088,0.00294019,,-0.00294019,0.0109215
110.213,0.00293018,,-0.00293018,0.0109215
110.338,0.00291778,,-0.00291778,0.0109215
110.457,0.00293829,,-0.00293829,0.0109215
110.582,0.00292255,,-0.00292255,0.0109215
110.701,0.00294687,,-0.00294687,0.0109215
110.818,0.00295831,,-0.00295831,0.0109215
110.932,0.0029545,,-0.0029545,0.0109215
111.057,0.00294973,,-0.00294973,0.0109215
111.177,0.00296022,,-0.00296022,0.0109215
111.291,0.00296737,,-0.00296737,0.0109215
111.408,0.00298215,,-0.00298215,0.0109215
111.519,0.00297882,,-0.00297882,0.0109215
111.621,0.00298359,,-0.00298359,0.0109215
111.738,0.00299884,,-0.00299884,0.0109215
111.852,0.00300647,,-0.00300647,0.0109215
111.971,0.00299741,,-0.00299741,0.0109215
112.083,0.00299646,,-0.00299646,0.0109215
112.197,0.00299694,,-0.00299694,0.0109215
112.309,0.0029936,,-0.0029936,0.0109215
112.423,0.00300027,,-0.00300027,0.0109215
112.532,0.00299884,,-0.00299884,0.0109215
112.647,0.00300266,,-0.00300266,0.0109215
112.764,0.00301839,,-0.00301839,0.0109215
112.875,0.00304128,,-0.00304128,0.0109215
112.99,0.00305559,,-0.00305559,0.0109215
113.109,0.00305654,,-0.00305654,0.0109215
113.221,0.00304843,,-0.00304843,0.0109215
113.332,0.00305893,,-0.00305893,0.0109215
113.447,0.0030656,,-0.0030656,0.0109215
113.564,0.00307561,,-0.00307561,0.0109215
113.675,0.00307418,,-0.00307418,0.0109215
113.782,0.00307657,,-0.00307657,0.0109215
113.891,0.00309373,,-0.00309373,0.0109215
114.005,0.00308229,,-0.00308229,0.0109215
114.114,0.00309564,,-0.00309564,0.0109215
114.226,0.00309564,,-0.00309564,0.0109215
114.335,0.00309946,,-0.00309946,0.0109215
114.442,0.00310518,,-0.00310518,0.0109215
114.551,0.00310756,,-0.00310756,0.0109215
114.673,0.00312854,,-0.00312854,0.0109215
114.774,0.00311424,,-0.00311424,0.0109215
114.875,0.00311853,,-0.00311853,0.0109215
114.984,0.00312616,,-0.00312616,0.0109215
115.088,0.00312854,,-0.00312854,0.0109215
115.197,0.0031314,,-0.0031314,0.0109215
115.317,0.00314189,,-0.00314189,0.0109215
115.434,0.00313903,,-0.00313903,0.0109215
115.545,0.00315382,,-0.00315382,0.0109215
115.649,0.00315763,,-0.00315763,0.0109215
115.753,0.00315954,,-0.00315954,0.0109215
115.868,0.00315954,,-0.00315954,0.0109215
115.99,0.00314952,,-0.00314952,0.0109215
116.104,0.00314857,,-0.00314857,0.0109215
116.205,0.00314857,,-0.00314857,0.0109215
116.312,0.00316621,,-0.00316621,0.0109215
116.416,0.00318195,,-0.00318195,0.0109215
116.517,0.00320245,,-0.00320245,0.0109215
116.621,0.00321104,,-0.00321104,0.0109215
116.725,0.0032139,,-0.0032139,0.0109215
116.826,0.00321485,,-0.00321485,0.0109215
116.932,0.00321294,,-0.00321294,0.0109215
117.036,0.00322439,,-0.00322439,0.0109215
117.143,0.00324012,,-0.00324012,0.0109215
117.249,0.00324298,,-0.00324298,0.0109215
117.353,0.00326826,,-0.00326826,0.0109215
117.455,0.00327255,,-0.00327255,0.0109215
117.574,0.00328733,,-0.00328733,0.0109215
117.675,0.0033002,,-0.0033002,0.0109215
117.784,0.00327493,,-0.00327493,0.0109215
117.901,0.00327446,,-0.00327446,0.0109215
118.016,0.0032859,,-0.0032859,0.0109215
118.119,0.00327636,,-0.00327636,0.0109215
118.221,0.00329353,,-0.00329353,0.0109215
118.327,0.00329544,,-0.00329544,0.0109215
118.436,0.0032859,,-0.0032859,0.0109215
118.545,0.00329258,,-0.00329258,0.0109215
118.647,0.00329401,,-0.00329401,0.0109215
118.761,0.00330879,,-0.00330879,0.0109215
118.87,0.00333549,,-0.00333549,0.0109215
118.982,0.00334026,,-0.00334026,0.0109215
119.083,0.0033498,,-0.0033498,0.0109215
119.19,0.00336458,,-0.00336458,0.0109215
119.296,0.00338365,,-0.00338365,0.0109215
119.416,0.00339986,,-0.00339986,0.0109215
119.532,0.00340416,,-0.00340416,0.0109215
119.655,0.00341322,,-0.00341322,0.0109215
119.756,0.00342084,,-0.00342084,0.0109215
119.865,0.00342466,,-0.00342466,0.0109215
119.966,0.00343467,,-0.00343467,0.0109215
120.075,0.00343706,,-0.00343706,0.0109215
120.197,0.00343849,,-0.00343849,0.0109215
120.301,0.00344469,,-0.00344469,0.0109215
120.413,0.00344087,,-0.00344087,0.0109215
120.53,0.0034299,,-0.0034299,0.0109215
120.649,0.00344087,,-0.00344087,0.0109215
120.769,0.00343324,,-0.00343324,0.0109215
120.901,0.00343753,,-0.00343753,0.0109215
121.021,0.0034485,,-0.0034485,0.0109215
121.148,0.00345661,,-0.00345661,0.0109215
121.273,0.00345613,,-0.00345613,0.0109215
121.397,0.00347282,,-0.00347282,0.0109215
121.519,0.00347902,,-0.00347902,0.0109215
121.647,0.00348093,,-0.00348093,0.0109215
121.777,0.00349523,,-0.00349523,0.0109215
121.896,0.00349666,,-0.00349666,0.0109215
122.018,0.00350715,,-0.00350715,0.0109215
122.14,0.00352289,,-0.00352289,0.0109215
122.262,0.00353147,,-0.00353147,0.0109215
122.384,0.00353719,,-0.00353719,0.0109215
122.506,0.00354387,,-0.00354387,0.0109215
122.631,0.0035639,,-0.0035639,0.0109215
122.761,0.00356485,,-0.00356485,0.0109215
122.881,0.003572,,-0.003572,0.0109215
122.997,0.00358678,,-0.00358678,0.0109215
123.122,0.0036049,,-0.0036049,0.0109215
123.244,0.00361921,,-0.00361921,0.0109215
123.366,0.00362302,,-0.00362302,0.0109215
123.486,0.00363304,,-0.00363304,0.0109215
123.613,0.0036483,,-0.0036483,0.0109215
123.727,0.00366022,,-0.00366022,0.0109215
123.847,0.00367643,,-0.00367643,0.0109215
123.964,0.00370504,,-0.00370504,0.0109215
124.075,0.00371744,,-0.00371744,0.0109215
124.197,0.00373127,,-0.00373127,0.0109215
124.314,0.003747,,-0.003747,0.0109215
124.442,0.00377275,,-0.00377275,0.0109215
124.558,0.00377657,,-0.00377657,0.0109215
124.67,0.00380327,,-0.00380327,0.0109215
124.782,0.00381567,,-0.00381567,0.0109215
124.891,0.00383617,,-0.00383617,0.0109215
125.005,0.00385047,,-0.00385047,0.0109215
125.112,0.00386001,,-0.00386001,0.0109215
125.221,0.00388624,,-0.00388624,0.0109215
125.338,0.003912,,-0.003912,0.0109215
125.449,0.00392583,,-0.00392583,0.0109215
125.566,0.00392678,,-0.00392678,0.0109215
125.678,0.00395015,,-0.00395015,0.0109215
125.795,0.00397637,,-0.00397637,0.0109215
125.906,0.00400308,,-0.00400308,0.0109215
126.018,0.00401595,,-0.00401595,0.0109215
126.135,0.00404456,,-0.00404456,0.0109215
126.244,0.00405744,,-0.00405744,0.0109215
126.348,0.00408414,,-0.00408414,0.0109215
126.46,0.0041118,,-0.0041118,0.0109215
126.564,0.00413707,,-0.00413707,0.0109215
126.673,0.00416377,,-0.00416377,0.0109215
126.777,0.00419143,,-0.00419143,0.0109215
126.891,0.00423482,,-0.00423482,0.0109215
127,0.00424483,,-0.00424483,0.0109215
127.104,0.00425819,,-0.00425819,0.0109215
127.208,0.00428775,,-0.00428775,0.0109215
127.319,0.0042949,,-0.0042949,0.0109215
127.431,0.00433591,,-0.00433591,0.0109215
127.566,0.00436834,,-0.00436834,0.0109215
127.706,0.00441077,,-0.00441077,0.0109215
127.818,0.004437,,-0.004437,0.0109215
127.925,0.00446895,,-0.00446895,0.0109215
128.042,0.00450376,,-0.00450376,0.0109215
128.151,0.00453809,,-0.00453809,0.0109215
128.275,0.0045791,,-0.0045791,0.0109215
128.384,0.00460818,,-0.00460818,0.0109215
128.496,0.0046654,,-0.0046654,0.0109215
128.621,0.00471929,,-0.00471929,0.0109215
128.73,0.00477603,,-0.00477603,0.0109215
128.852,0.00484326,,-0.00484326,0.0109215
128.964,0.00492051,,-0.00492051,0.0109215
129.086,0.00501683,,-0.00501683,0.0109215
129.2,0.00510791,,-0.00510791,0.0109215
129.309,0.00522092,,-0.00522092,0.0109215
129.436,0.00536826,,-0.00536826,0.0109215
129.545,0.00552753,,-0.00552753,0.0109215
129.668,0.00573638,,-0.00573638,0.0109215
129.779,0.00595382,,-0.00595382,0.0109215
129.891,0.00621846,,-0.00621846,0.0109215
130.016,0.00651029,,-0.00651029,0.0109215
130.125,0.00681594,,-0.00681594,0.0109215
130.247,0.00714353,,-0.00714353,0.0109215
130.356,0.00742725,,-0.00742725,0.0109215
130.478,0.00767615,,-0.00767615,0.0109215
130.584,0.00779489,,-0.00779489,0.0109215
130.696,0.00782782,,-0.00782782,0.0109215
130.81,0.00782257,,-0.00782257,0.0109215
130.922,0.00780395,,-0.00780395,0.0109215
131.036,0.00778487,,-0.00778487,0.0109215
131.14,0.00777391,,-0.00777391,0.0109215
131.257,0.00773957,,-0.00773957,0.0109215
131.361,0.00772193,,-0.00772193,0.0109215
131.462,0.00769523,,-0.00769523,0.0109215
131.577,0.00766852,,-0.00766852,0.0109215
131.683,0.00764516,,-0.00764516,0.0109215
131.795,0.00761464,,-0.00761464,0.0109215
131.901,0.00759128,,-0.00759128,0.0109215
132.013,0.0075579,,-0.0075579,0.0109215
132.122,0.00753596,,-0.00753596,0.0109215
132.229,0.00751069,,-0.00751069,0.0109215
132.345,0.00748017,,-0.00748017,0.0109215
132.449,0.00744727,,-0.00744727,0.0109215
132.564,0.00741056,,-0.00741056,0.0109215
132.67,0.00737861,,-0.00737861,0.0109215
132.782,0.00734904,,-0.00734904,0.0109215
132.894,0.00732759,,-0.00732759,0.0109215
132.997,0.00730518,,-0.00730518,0.0109215
133.112,0.00727895,,-0.00727895,0.0109215
133.218,0.00725272,,-0.00725272,0.0109215
133.33,0.00721315,,-0.00721315,0.0109215
133.436,0.00718549,,-0.00718549,0.0109215
133.538,0.0071626,,-0.0071626,0.0109215
133.652,0.00713637,,-0.00713637,0.0109215
133.756,0.00710204,,-0.00710204,0.0109215
133.868,0.00706914,,-0.00706914,0.0109215
133.977,0.00704673,,-0.00704673,0.0109215
134.088,0.00703052,,-0.00703052,0.0109215
134.19,0.00699332,,-0.00699332,0.0109215
134.294,0.00696471,,-0.00696471,0.0109215
134.4,0.00692561,,-0.00692561,0.0109215
134.504,0.00690606,,-0.00690606,0.0109215
134.608,0.00688365,,-0.00688365,0.0109215
134.712,0.00686887,,-0.00686887,0.0109215
134.818,0.00685504,,-0.00685504,0.0109215
134.922,0.00682738,,-0.00682738,0.0109215
135.078,0.00679162,,-0.00679162,0.0109215
135.187,0.00676492,,-0.00676492,0.0109215
135.343,0.00673774,,-0.00673774,0.0109215
135.444,0.00670627,,-0.00670627,0.0109215
135.553,0.00667813,,-0.00667813,0.0109215
135.655,0.00665572,,-0.00665572,0.0109215
135.756,0.00662521,,-0.00662521,0.0109215
135.862,0.0066109,,-0.0066109,0.0109215
135.964,0.00658563,,-0.00658563,0.0109215
136.075,0.00655845,,-0.00655845,0.0109215
136.231,0.00652507,,-0.00652507,0.0109215
136.382,0.00648025,,-0.00648025,0.0109215
136.483,0.00645497,,-0.00645497,0.0109215
136.587,0.00643209,,-0.00643209,0.0109215
136.688,0.00641397,,-0.00641397,0.0109215
136.79,0.00639108,,-0.00639108,0.0109215
136.94,0.00636056,,-0.00636056,0.0109215
137.094,0.00632909,,-0.00632909,0.0109215
137.242,0.00630143,,-0.00630143,0.0109215
137.392,0.0062733,,-0.0062733,0.0109215
137.496,0.00625184,,-0.00625184,0.0109215
137.644,0.00621274,,-0.00621274,0.0109215
137.797,0.00616696,,-0.00616696,0.0109215
137.94,0.00614741,,-0.00614741,0.0109215
138.083,0.0061107,,-0.0061107,0.0109215
138.187,0.0060921,,-0.0060921,0.0109215
138.332,0.00606635,,-0.00606635,0.0109215
138.475,0.00604776,,-0.00604776,0.0109215
138.618,0.00600865,,-0.00600865,0.0109215
138.764,0.00598338,,-0.00598338,0.0109215
138.865,0.00596192,,-0.00596192,0.0109215
139.01,0.00593141,,-0.00593141,0.0109215
139.158,0.00590852,,-0.00590852,0.0109215
139.301,0.00588086,,-0.00588086,0.0109215
139.444,0.00585893,,-0.00585893,0.0109215
139.584,0.00582889,,-0.00582889,0.0109215
139.688,0.00581172,,-0.00581172,0.0109215
139.831,0.00580409,,-0.00580409,0.0109215
139.966,0.00577214,,-0.00577214,0.0109215
140.112,0.00574258,,-0.00574258,0.0109215
140.255,0.00572875,,-0.00572875,0.0109215
140.39,0.005703,,-0.005703,0.0109215
140.494,0.0056825,,-0.0056825,0.0109215
140.626,0.00566867,,-0.00566867,0.0109215
140.764,0.0056372,,-0.0056372,0.0109215
140.904,0.00562146,,-0.00562146,0.0109215
141.039,0.00558951,,-0.00558951,0.0109215
141.182,0.00556472,,-0.00556472,0.0109215
141.322,0.00554088,,-0.00554088,0.0109215
141.468,0.00551704,,-0.00551704,0.0109215
141.61,0.00549176,,-0.00549176,0.0109215
141.751,0.00547603,,-0.00547603,0.0109215
141.894,0.00545076,,-0.00545076,0.0109215
142.034,0.00542882,,-0.00542882,0.0109215
142.174,0.00541309,,-0.00541309,0.0109215
142.312,0.00538209,,-0.00538209,0.0109215
142.413,0.00536349,,-0.00536349,0.0109215
142.548,0.00534776,,-0.00534776,0.0109215
142.683,0.00533155,,-0.00533155,0.0109215
142.784,0.00532392,,-0.00532392,0.0109215
142.917,0.00529578,,-0.00529578,0.0109215
143.057,0.00527242,,-0.00527242,0.0109215
143.192,0.00527099,,-0.00527099,0.0109215
143.33,0.00526336,,-0.00526336,0.0109215
143.462,0.00522903,,-0.00522903,0.0109215
143.595,0.00521043,,-0.00521043,0.0109215
143.735,0.00518325,,-0.00518325,0.0109215
143.868,0.00517419,,-0.00517419,0.0109215
143.992,0.0051575,,-0.0051575,0.0109215
144.127,0.0051451,,-0.0051451,0.0109215
144.249,0.00512126,,-0.00512126,0.0109215
144.379,0.00510505,,-0.00510505,0.0109215
144.504,0.00508884,,-0.00508884,0.0109215
144.639,0.00507644,,-0.00507644,0.0109215
144.766,0.0050588,,-0.0050588,0.0109215
144.894,0.00503591,,-0.00503591,0.0109215
145.026,0.00501636,,-0.00501636,0.0109215
145.151,0.00499013,,-0.00499013,0.0109215
145.281,0.00497916,,-0.00497916,0.0109215
145.413,0.00497201,,-0.00497201,0.0109215
145.54,0.00495818,,-0.00495818,0.0109215
145.673,0.00493911,,-0.00493911,0.0109215
145.805,0.00491813,,-0.00491813,0.0109215
145.93,0.00488093,,-0.00488093,0.0109215
146.057,0.0048714,,-0.0048714,0.0109215
146.184,0.00486234,,-0.00486234,0.0109215
146.306,0.0048404,,-0.0048404,0.0109215
146.429,0.00483039,,-0.00483039,0.0109215
146.561,0.00480941,,-0.00480941,0.0109215
146.686,0.00478557,,-0.00478557,0.0109215
146.813,0.00476792,,-0.00476792,0.0109215
146.938,0.00475076,,-0.00475076,0.0109215
147.068,0.00474504,,-0.00474504,0.0109215
147.195,0.00474265,,-0.00474265,0.0109215
147.319,0.00472739,,-0.00472739,0.0109215
147.442,0.00472072,,-0.00472072,0.0109215
147.574,0.00469449,,-0.00469449,0.0109215
147.699,0.00467017,,-0.00467017,0.0109215
147.823,0.00465444,,-0.00465444,0.0109215
147.948,0.00464013,,-0.00464013,0.0109215
148.073,0.00462297,,-0.00462297,0.0109215
148.192,0.00459912,,-0.00459912,0.0109215
148.317,0.00458911,,-0.00458911,0.0109215
148.442,0.00457433,,-0.00457433,0.0109215
148.564,0.00457147,,-0.00457147,0.0109215
148.681,0.00456861,,-0.00456861,0.0109215
148.8,0.00456193,,-0.00456193,0.0109215
148.925,0.00456336,,-0.00456336,0.0109215
149.039,0.00454524,,-0.00454524,0.0109215
149.161,0.00451186,,-0.00451186,0.0109215
149.286,0.00449851,,-0.00449851,0.0109215
149.403,0.00446513,,-0.00446513,0.0109215
149.514,0.00446084,,-0.00446084,0.0109215
149.629,0.0044432,,-0.0044432,0.0109215
149.74,0.00443128,,-0.00443128,0.0109215
149.857,0.00441077,,-0.00441077,0.0109215
149.971,0.00440124,,-0.00440124,0.0109215
150.088,0.00438359,,-0.00438359,0.0109215
150.213,0.00437167,,-0.00437167,0.0109215
150.327,0.00436214,,-0.00436214,0.0109215
150.442,0.00435212,,-0.00435212,0.0109215
150.556,0.0043402,,-0.0043402,0.0109215
150.67,0.00432542,,-0.00432542,0.0109215
150.784,0.0043073,,-0.0043073,0.0109215
150.901,0.00429443,,-0.00429443,0.0109215
150.784,0.0042682,,-0.0042682,0.0109215
150.655,0.00426343,,-0.00426343,0.0109215
150.519,0.00425294,,-0.00425294,0.0109215
150.358,0.00424293,,-0.00424293,0.0109215
150.205,0.00424483,,-0.00424483,0.0109215
150.047,0.00424626,,-0.00424626,0.0109215
149.87,0.00424579,,-0.00424579,0.0109215
149.712,0.00424579,,-0.00424579,0.0109215
149.538,0.00424531,,-0.00424531,0.0109215
149.382,0.00424817,,-0.00424817,0.0109215
149.221,0.0042477,,-0.0042477,0.0109215
149.049,0.0042434,,-0.0042434,0.0109215
148.891,0.00424483,,-0.00424483,0.0109215
148.719,0.00425819,,-0.00425819,0.0109215
148.558,0.00425532,,-0.00425532,0.0109215
148.39,0.00425532,,-0.00425532,0.0109215
148.231,0.00427249,,-0.00427249,0.0109215
148.075,0.00429013,,-0.00429013,0.0109215
147.904,0.00429967,,-0.00429967,0.0109215
147.751,0.00430062,,-0.00430062,0.0109215
147.582,0.00431636,,-0.00431636,0.0109215
147.431,0.0043321,,-0.0043321,0.0109215
147.265,0.00433925,,-0.00433925,0.0109215
147.117,0.00434497,,-0.00434497,0.0109215
146.966,0.00435308,,-0.00435308,0.0109215
146.805,0.0043712,,-0.0043712,0.0109215
146.655,0.00438073,,-0.00438073,0.0109215
146.494,0.00438979,,-0.00438979,0.0109215
146.345,0.00440553,,-0.00440553,0.0109215
146.184,0.00439075,,-0.00439075,0.0109215
146.034,0.00440696,,-0.00440696,0.0109215
145.888,0.00441745,,-0.00441745,0.0109215
145.725,0.00443128,,-0.00443128,0.0109215
145.579,0.00444034,,-0.00444034,0.0109215
145.421,0.0044494,,-0.0044494,0.0109215
145.273,0.00446084,,-0.00446084,0.0109215
145.125,0.00445655,,-0.00445655,0.0109215
144.966,0.00447229,,-0.00447229,0.0109215
144.823,0.00447848,,-0.00447848,0.0109215
144.662,0.00448516,,-0.00448516,0.0109215
144.517,0.0045028,,-0.0045028,0.0109215
144.358,0.00452712,,-0.00452712,0.0109215
144.213,0.00453618,,-0.00453618,0.0109215
144.07,0.00454763,,-0.00454763,0.0109215
143.912,0.00456718,,-0.00456718,0.0109215
143.766,0.00458625,,-0.00458625,0.0109215
143.613,0.00459674,,-0.00459674,0.0109215
143.468,0.00459912,,-0.00459912,0.0109215
143.312,0.00460628,,-0.00460628,0.0109215
143.171,0.00462249,,-0.00462249,0.0109215
143.034,0.00464776,,-0.00464776,0.0109215
142.881,0.0046654,,-0.0046654,0.0109215
142.74,0.00468019,,-0.00468019,0.0109215
142.584,0.0046902,,-0.0046902,0.0109215
142.447,0.00470451,,-0.00470451,0.0109215
142.299,0.00471309,,-0.00471309,0.0109215
142.156,0.00472406,,-0.00472406,0.0109215
142.018,0.00474456,,-0.00474456,0.0109215
141.868,0.00476363,,-0.00476363,0.0109215
141.725,0.00477317,,-0.00477317,0.0109215
141.571,0.00479177,,-0.00479177,0.0109215
141.434,0.0048075,,-0.0048075,0.0109215
141.286,0.00482181,,-0.00482181,0.0109215
141.148,0.00482944,,-0.00482944,0.0109215
141.008,0.00484279,,-0.00484279,0.0109215
140.862,0.00486377,,-0.00486377,0.0109215
140.722,0.00488284,,-0.00488284,0.0109215
140.571,0.00490478,,-0.00490478,0.0109215
140.434,0.00491288,,-0.00491288,0.0109215
140.299,0.00493577,,-0.00493577,0.0109215
140.148,0.00494817,,-0.00494817,0.0109215
140.01,0.00495151,,-0.00495151,0.0109215
139.865,0.00496295,,-0.00496295,0.0109215
139.732,0.00499108,,-0.00499108,0.0109215
139.582,0.00501111,,-0.00501111,0.0109215
139.449,0.00502351,,-0.00502351,0.0109215
139.312,0.00503591,,-0.00503591,0.0109215
139.164,0.00505593,,-0.00505593,0.0109215
139.026,0.00507072,,-0.00507072,0.0109215
138.878,0.00509217,,-0.00509217,0.0109215
138.743,0.00511649,,-0.00511649,0.0109215
138.597,0.00513318,,-0.00513318,0.0109215
138.462,0.00514749,,-0.00514749,0.0109215
138.332,0.00517181,,-0.00517181,0.0109215
138.187,0.00520042,,-0.00520042,0.0109215
138.057,0.00521806,,-0.00521806,0.0109215
137.914,0.00524333,,-0.00524333,0.0109215
137.784,0.00526479,,-0.00526479,0.0109215
137.644,0.00527671,,-0.00527671,0.0109215
137.509,0.00529817,,-0.00529817,0.0109215
137.387,0.0053077,,-0.0053077,0.0109215
137.239,0.00532249,,-0.00532249,0.0109215
137.112,0.0053511,,-0.0053511,0.0109215
136.966,0.00537112,,-0.00537112,0.0109215
136.836,0.00538066,,-0.00538066,0.0109215
136.699,0.00540641,,-0.00540641,0.0109215
136.566,0.00543216,,-0.00543216,0.0109215
136.436,0.0054498,,-0.0054498,0.0109215
136.291,0.00547412,,-0.00547412,0.0109215
136.164,0.00548747,,-0.00548747,0.0109215
136.021,0.00550893,,-0.00550893,0.0109215
135.894,0.00552467,,-0.00552467,0.0109215
135.764,0.00555184,,-0.00555184,0.0109215
135.623,0.00557712,,-0.00557712,0.0109215
135.499,0.00560001,,-0.00560001,0.0109215
135.356,0.00562766,,-0.00562766,0.0109215
135.229,0.00564674,,-0.00564674,0.0109215
135.088,0.00566915,,-0.00566915,0.0109215
134.961,0.00568584,,-0.00568584,0.0109215
134.836,0.00570682,,-0.00570682,0.0109215
134.694,0.00573686,,-0.00573686,0.0109215
134.566,0.00575402,,-0.00575402,0.0109215
134.426,0.005775,,-0.005775,0.0109215
134.296,0.00579837,,-0.00579837,0.0109215
134.158,0.00581792,,-0.00581792,0.0109215
134.034,0.00583747,,-0.00583747,0.0109215
133.904,0.00586417,,-0.00586417,0.0109215
133.766,0.00589088,,-0.00589088,0.0109215
133.636,0.00591043,,-0.00591043,0.0109215
133.504,0.00593236,,-0.00593236,0.0109215
133.379,0.00596431,,-0.00596431,0.0109215
133.244,0.0059953,,-0.0059953,0.0109215
133.119,0.00602391,,-0.00602391,0.0109215
132.995,0.00605634,,-0.00605634,0.0109215
132.862,0.00608209,,-0.00608209,0.0109215
132.738,0.00611356,,-0.00611356,0.0109215
132.603,0.0061374,,-0.0061374,0.0109215
132.481,0.00616267,,-0.00616267,0.0109215
132.353,0.00619271,,-0.00619271,0.0109215
132.218,0.00622609,,-0.00622609,0.0109215
132.096,0.00625852,,-0.00625852,0.0109215
131.961,0.00628522,,-0.00628522,0.0109215
131.844,0.00629953,,-0.00629953,0.0109215
131.712,0.006331,,-0.006331,0.0109215
131.59,0.00637105,,-0.00637105,0.0109215
131.468,0.00638631,,-0.00638631,0.0109215
131.335,0.0064154,,-0.0064154,0.0109215
131.213,0.00644448,,-0.00644448,0.0109215
131.083,0.00647405,,-0.00647405,0.0109215
130.964,0.00649884,,-0.00649884,0.0109215
130.834,0.00653604,,-0.00653604,0.0109215
130.714,0.00656512,,-0.00656512,0.0109215
130.595,0.00659564,,-0.00659564,0.0109215
130.457,0.00661567,,-0.00661567,0.0109215
130.345,0.00664237,,-0.00664237,0.0109215
130.213,0.00667289,,-0.00667289,0.0109215
130.088,0.00669816,,-0.00669816,0.0109215
129.961,0.006722,,-0.006722,0.0109215
129.839,0.00674728,,-0.00674728,0.0109215
129.717,0.00676921,,-0.00676921,0.0109215
129.587,0.00679448,,-0.00679448,0.0109215
129.468,0.00682166,,-0.00682166,0.0109215
129.338,0.0068517,,-0.0068517,0.0109215
129.218,0.0068827,,-0.0068827,0.0109215
129.088,0.00690702,,-0.00690702,0.0109215
128.971,0.00692847,,-0.00692847,0.0109215
128.857,0.00696328,,-0.00696328,0.0109215
128.725,0.00700858,,-0.00700858,0.0109215
128.608,0.00703958,,-0.00703958,0.0109215
128.483,0.00706056,,-0.00706056,0.0109215
128.366,0.00708535,,-0.00708535,0.0109215
128.249,0.00711444,,-0.00711444,0.0109215
128.125,0.00714782,,-0.00714782,0.0109215
128.003,0.00718167,,-0.00718167,0.0109215
127.878,0.00721601,,-0.00721601,0.0109215
127.764,0.00724128,,-0.00724128,0.0109215
127.631,0.00727323,,-0.00727323,0.0109215
127.519,0.00730804,,-0.00730804,0.0109215
127.403,0.00734523,,-0.00734523,0.0109215
127.278,0.00737432,,-0.00737432,0.0109215
127.164,0.0074077,,-0.0074077,0.0109215
127.039,0.00744584,,-0.00744584,0.0109215
126.919,0.00747922,,-0.00747922,0.0109215
126.795,0.00751498,,-0.00751498,0.0109215
126.683,0.00754789,,-0.00754789,0.0109215
126.571,0.00757077,,-0.00757077,0.0109215
126.447,0.00761226,,-0.00761226,0.0109215
126.335,0.0076423,,-0.0076423,0.0109215
126.21,0.00767377,,-0.00767377,0.0109215
126.101,0.0077062,,-0.0077062,0.0109215
125.977,0.0077329,,-0.0077329,0.0109215
125.862,0.00777724,,-0.00777724,0.0109215
125.751,0.00780776,,-0.00780776,0.0109215
125.626,0.00784832,,-0.00784832,0.0109215
125.512,0.00788313,,-0.00788313,0.0109215
125.392,0.00792366,,-0.00792366,0.0109215
125.278,0.00794655,,-0.00794655,0.0109215
125.169,0.00797611,,-0.00797611,0.0109215
125.049,0.00800949,,-0.00800949,0.0109215
124.938,0.00804049,,-0.00804049,0.0109215
124.816,0.00807196,,-0.00807196,0.0109215
124.706,0.00809675,,-0.00809675,0.0109215
124.595,0.00813156,,-0.00813156,0.0109215
124.486,0.00817686,,-0.00817686,0.0109215
124.379,0.00820929,,-0.00820929,0.0109215
124.257,0.0082379,,-0.0082379,0.0109215
124.151,0.00826937,,-0.00826937,0.0109215
124.031,0.00830227,,-0.00830227,0.0109215
123.919,0.00833565,,-0.00833565,0.0109215
123.797,0.00837713,,-0.00837713,0.0109215
123.688,0.00840384,,-0.00840384,0.0109215
123.582,0.00842625,,-0.00842625,0.0109215
123.455,0.00845677,,-0.00845677,0.0109215
123.345,0.00848395,,-0.00848395,0.0109215
123.229,0.0085097,,-0.0085097,0.0109215
123.114,0.00853831,,-0.00853831,0.0109215
122.997,0.00856692,,-0.00856692,0.0109215
122.891,0.00858742,,-0.00858742,0.0109215
122.779,0.00860459,,-0.00860459,0.0109215
122.66,0.00861937,,-0.00861937,0.0109215
122.553,0.00863177,,-0.00863177,0.0109215
122.434,0.00863749,,-0.00863749,0.0109215
122.327,0.0086208,,-0.0086208,0.0109215
122.208,0.00857455,,-0.00857455,0.0109215
122.101,0.00847822,,-0.00847822,0.0109215
121.997,0.00829703,,-0.00829703,0.0218431
121.878,0.00803667,,-0.00803667,0.0218431
121.774,0.00765231,,-0.00765231,0.0218431
121.66,0.00716308,,-0.00716308,0.0218431
121.548,0.0067158,,-0.0067158,0.0218431
121.447,0.00627902,,-0.00627902,0.0218431
121.327,0.00587657,,-0.00587657,0.0218431
121.221,0.00555614,,-0.00555614,0.0218431
121.104,0.00528625,,-0.00528625,0.0218431
121,0.0050917,,-0.0050917,0.0218431
120.888,0.00493434,,-0.00493434,0.0218431
120.777,0.00482848,,-0.00482848,0.0218431
120.673,0.00474599,,-0.00474599,0.0109215
120.558,0.00467113,,-0.00467113,0.0109215
120.455,0.00460294,,-0.00460294,0.0109215
120.338,0.00455144,,-0.00455144,0.0109215
120.234,0.00451615,,-0.00451615,0.0109215
120.119,0.00447276,,-0.00447276,0.0109215
120.013,0.00442985,,-0.00442985,0.0109215
119.909,0.00440076,,-0.00440076,0.0109215
119.792,0.00436738,,-0.00436738,0.0109215
119.686,0.00433448,,-0.00433448,0.0109215
119.571,0.0043011,,-0.0043011,0.0109215
119.468,0.00427201,,-0.00427201,0.0109215
119.356,0.0042372,,-0.0042372,0.0109215
119.247,0.00421146,,-0.00421146,0.0109215
119.145,0.00419191,,-0.00419191,0.0109215
119.031,0.00416234,,-0.00416234,0.0109215
118.927,0.00413612,,-0.00413612,0.0109215
118.816,0.00410989,,-0.00410989,0.0109215
118.714,0.00409129,,-0.00409129,0.0109215
118.613,0.00405648,,-0.00405648,0.0109215
118.504,0.0040355,,-0.0040355,0.0109215
118.4,0.00401786,,-0.00401786,0.0109215
118.288,0.00400355,,-0.00400355,0.0109215
118.187,0.00397781,,-0.00397781,0.0109215
118.073,0.0039635,,-0.0039635,0.0109215
117.971,0.0039449,,-0.0039449,0.0109215
117.816,0.00392488,,-0.00392488,0.0109215
117.709,0.00391248,,-0.00391248,0.0109215
117.605,0.00389911,,-0.00389911,0.0109215
117.504,0.00388433,,-0.00388433,0.0109215
117.4,0.0038705,,-0.0038705,0.0109215
117.296,0.00386097,,-0.00386097,0.0109215
117.19,0.00384094,,-0.00384094,0.0109215
117.086,0.00381996,,-0.00381996,0.0109215
116.982,0.00380518,,-0.00380518,0.0109215
116.878,0.00379516,,-0.00379516,0.0109215
116.725,0.00377418,,-0.00377418,0.0109215
116.618,0.00376369,,-0.00376369,0.0109215
116.517,0.00374748,,-0.00374748,0.0109215
116.364,0.00373222,,-0.00373222,0.0109215
116.255,0.00372554,,-0.00372554,0.0109215
116.153,0.00372078,,-0.00372078,0.0109215
116,0.00371791,,-0.00371791,0.0109215
115.899,0.00370885,,-0.00370885,0.0109215
115.792,0.00369073,,-0.00369073,0.0109215
115.691,0.00367357,,-0.00367357,0.0109215
115.582,0.00366069,,-0.00366069,0.0109215
115.429,0.00364257,,-0.00364257,0.0109215
115.273,0.00362684,,-0.00362684,0.0109215
115.119,0.00360252,,-0.00360252,0.0109215
115.008,0.00358583,,-0.00358583,0.0109215
114.857,0.00357725,,-0.00357725,0.0109215
114.701,0.00356914,,-0.00356914,0.0109215
114.553,0.00355436,,-0.00355436,0.0109215
114.403,0.00354911,,-0.00354911,0.0109215
114.299,0.00354196,,-0.00354196,0.0109215
114.197,0.00353147,,-0.00353147,0.0109215
114.044,0.00353052,,-0.00353052,0.0109215
113.938,0.00351669,,-0.00351669,0.0109215
113.836,0.00351001,,-0.00351001,0.0109215
113.691,0.0034938,,-0.0034938,0.0109215
113.587,0.00349094,,-0.00349094,0.0109215
113.486,0.00347759,,-0.00347759,0.0109215
113.338,0.00345851,,-0.00345851,0.0109215
113.236,0.00345518,,-0.00345518,0.0109215
113.091,0.00345947,,-0.00345947,0.0109215
112.943,0.00345184,,-0.00345184,0.0109215
112.797,0.00344326,,-0.00344326,0.0109215
112.652,0.00342323,,-0.00342323,0.0109215
112.504,0.00340177,,-0.00340177,0.0109215
112.4,0.00340368,,-0.00340368,0.0109215
112.257,0.00339653,,-0.00339653,0.0109215
112.112,0.00339176,,-0.00339176,0.0109215
111.966,0.00338127,,-0.00338127,0.0109215
111.821,0.00336887,,-0.00336887,0.0109215
111.717,0.00336315,,-0.00336315,0.0109215
111.571,0.00335266,,-0.00335266,0.0109215
111.431,0.0033455,,-0.0033455,0.0109215
111.291,0.00334217,,-0.00334217,0.0109215
111.145,0.00332977,,-0.00332977,0.0109215
111.003,0.00332786,,-0.00332786,0.0109215
110.899,0.00330688,,-0.00330688,0.0109215
110.758,0.00330593,,-0.00330593,0.0109215
110.618,0.00329639,,-0.00329639,0.0109215
110.478,0.00328113,,-0.00328113,0.0109215
110.374,0.00326921,,-0.00326921,0.0109215
110.234,0.0032735,,-0.0032735,0.0109215
110.091,0.00325777,,-0.00325777,0.0109215
109.951,0.00325204,,-0.00325204,0.0109215
109.81,0.0032611,,-0.0032611,0.0109215
109.665,0.00325681,,-0.00325681,0.0109215
109.564,0.00325491,,-0.00325491,0.0109215
109.421,0.00325824,,-0.00325824,0.0109215
109.281,0.00324918,,-0.00324918,0.0109215
109.143,0.0032344,,-0.0032344,0.0109215
109.005,0.00322582,,-0.00322582,0.0109215
108.868,0.00321676,,-0.00321676,0.0109215
108.732,0.00321819,,-0.00321819,0.0109215
108.631,0.00320961,,-0.00320961,0.0109215
108.496,0.00319578,,-0.00319578,0.0109215
108.358,0.00320293,,-0.00320293,0.0109215
108.226,0.00320293,,-0.00320293,0.0109215
108.091,0.0032015,,-0.0032015,0.0109215
107.945,0.00320388,,-0.00320388,0.0109215
107.81,0.00319292,,-0.00319292,0.0109215
107.681,0.003181,,-0.003181,0.0109215
107.551,0.00317575,,-0.00317575,0.0109215
107.413,0.00317575,,-0.00317575,0.0109215
107.281,0.00315954,,-0.00315954,0.0109215
107.148,0.00314666,,-0.00314666,0.0109215
107.018,0.00314666,,-0.00314666,0.0109215
106.873,0.00314285,,-0.00314285,0.0109215
106.743,0.00313474,,-0.00313474,0.0109215
106.613,0.00313093,,-0.00313093,0.0109215
106.483,0.00312759,,-0.00312759,0.0109215
106.351,0.00312568,,-0.00312568,0.0109215
106.223,0.00310756,,-0.00310756,0.0109215
106.091,0.00310232,,-0.00310232,0.0109215
105.951,0.00310661,,-0.00310661,0.0109215
105.816,0.0031109,,-0.0031109,0.0109215
105.688,0.00310327,,-0.00310327,0.0109215
105.551,0.00308944,,-0.00308944,0.0109215
105.423,0.00307895,,-0.00307895,0.0109215
105.296,0.00307705,,-0.00307705,0.0109215
105.164,0.00306083,,-0.00306083,0.0109215
105.023,0.00305988,,-0.00305988,0.0109215
104.896,0.0030513,,-0.0030513,0.0109215
104.771,0.00302507,,-0.00302507,0.0109215
104.644,0.00302793,,-0.00302793,0.0109215
104.517,0.00302984,,-0.00302984,0.0109215
104.384,0.0030265,,-0.0030265,0.0109215
104.26,0.00301363,,-0.00301363,0.0109215
104.13,0.00300981,,-0.00300981,0.0109215
103.99,0.00300886,,-0.00300886,0.0109215
103.862,0.00300075,,-0.00300075,0.0109215
103.738,0.00299169,,-0.00299169,0.0109215
103.613,0.00299646,,-0.00299646,0.0109215
103.483,0.00299312,,-0.00299312,0.0109215
103.358,0.0029812,,-0.0029812,0.0109215
103.229,0.00298406,,-0.00298406,0.0109215
103.091,0.00297786,,-0.00297786,0.0109215
102.964,0.00297548,,-0.00297548,0.0109215
102.844,0.00297357,,-0.00297357,0.0109215
102.717,0.00297214,,-0.00297214,0.0109215
102.597,0.00296356,,-0.00296356,0.0109215
102.47,0.00295497,,-0.00295497,0.0109215
102.34,0.00294115,,-0.00294115,0.0109215
102.21,0.00293829,,-0.00293829,0.0109215
102.088,0.00293829,,-0.00293829,0.0109215
101.966,0.00293733,,-0.00293733,0.0109215
101.844,0.00292684,,-0.00292684,0.0109215
101.719,0.00293495,,-0.00293495,0.0109215
101.597,0.00294782,,-0.00294782,0.0109215
101.475,0.00295497,,-0.00295497,0.0109215
101.348,0.0029421,,-0.0029421,0.0109215
101.221,0.00293685,,-0.00293685,0.0109215
101.099,0.0029278,,-0.0029278,0.0109215
100.979,0.00291158,,-0.00291158,0.0109215
100.857,0.00291587,,-0.00291587,0.0109215
100.738,0.00290062,,-0.00290062,0.0109215
100.618,0.00289728,,-0.00289728,0.0109215
100.499,0.00289918,,-0.00289918,0.0109215
100.366,0.00288917,,-0.00288917,0.0109215
100.249,0.0028763,,-0.0028763,0.0109215
100.122,0.00288488,,-0.00288488,0.0109215
100.003,0.00288202,,-0.00288202,0.0109215
99.8857,0.00288297,,-0.00288297,0.0109215
99.7662,0.00288583,,-0.00288583,0.0109215
99.6494,0.00288393,,-0.00288393,0.0109215
99.5299,0.00288011,,-0.00288011,0.0109215
99.4104,0.00286199,,-0.00286199,0.0109215
99.2961,0.00285865,,-0.00285865,0.0109215
99.1792,0.00285865,,-0.00285865,0.0109215
99.0597,0.00285961,,-0.00285961,0.0109215
98.9481,0.00286151,,-0.00286151,0.0109215
98.826,0.00285818,,-0.00285818,0.0109215
98.7143,0.00286151,,-0.00286151,0.0109215
98.5896,0.00285532,,-0.00285532,0.0109215
98.4701,0.00285102,,-0.00285102,0.0109215
98.3558,0.00284483,,-0.00284483,0.0109215
98.239,0.00284864,,-0.00284864,0.0109215
98.1247,0.00284292,,-0.00284292,0.0109215
98.0052,0.00284816,,-0.00284816,0.0109215
97.8909,0.00283958,,-0.00283958,0.0109215
97.7636,0.00283481,,-0.00283481,0.0109215
97.6519,0.00283529,,-0.00283529,0.0109215
97.5325,0.00285055,,-0.00285055,0.0109215
97.4208,0.0028453,,-0.0028453,0.0109215
97.3065,0.00282384,,-0.00282384,0.0109215
97.1948,0.00281431,,-0.00281431,0.0109215
97.0831,0.00281717,,-0.00281717,0.0109215
96.9688,0.00282051,,-0.00282051,0.0109215
96.8519,0.00281335,,-0.00281335,0.0109215
96.7429,0.00281622,,-0.00281622,0.0109215
96.6286,0.00280716,,-0.00280716,0.0109215
96.5143,0.00279237,,-0.00279237,0.0109215
96.4078,0.00278141,,-0.00278141,0.0109215
96.2909,0.00277998,,-0.00277998,0.0109215
96.1792,0.00278856,,-0.00278856,0.0109215
96.0545,0.00279619,,-0.00279619,0.0109215
95.9429,0.00279285,,-0.00279285,0.0109215
95.8286,0.0027938,,-0.0027938,0.0109215
95.7143,0.00279714,,-0.00279714,0.0109215
95.6052,0.00279428,,-0.00279428,0.0109215
95.4961,0.00279571,,-0.00279571,0.0109215
95.3818,0.00279905,,-0.00279905,0.0109215
95.2623,0.00279237,,-0.00279237,0.0109215
95.1584,0.0027876,,-0.0027876,0.0109215
95.0494,0.00279714,,-0.00279714,0.0109215
94.9377,0.00279285,,-0.00279285,0.0109215
94.8286,0.0027919,,-0.0027919,0.0109215
94.7221,0.00278427,,-0.00278427,0.0109215
94.6078,0.00277378,,-0.00277378,0.0109215
94.5039,0.00277616,,-0.00277616,0.0109215
94.3818,0.00278522,,-0.00278522,0.0109215
94.2701,0.00279047,,-0.00279047,0.0109215
94.1636,0.00279142,,-0.00279142,0.0109215
94.0571,0.00278951,,-0.00278951,0.0109215
93.9481,0.00278904,,-0.00278904,0.0109215
93.8416,0.00278856,,-0.00278856,0.0109215
93.7299,0.00278427,,-0.00278427,0.0109215
93.6208,0.00278713,,-0.00278713,0.0109215
93.5169,0.00278188,,-0.00278188,0.0109215
93.4104,0.00279333,,-0.00279333,0.0109215
93.3091,0.00279857,,-0.00279857,0.0109215
93.2,0.00278665,,-0.00278665,0.0109215
93.0961,0.00276519,,-0.00276519,0.0109215
92.9584,0.0027609,,-0.0027609,0.0109215
92.8571,0.00275995,,-0.00275995,0.0109215
92.7481,0.0027609,,-0.0027609,0.0109215
92.6416,0.00275852,,-0.00275852,0.0109215
92.5325,0.00275089,,-0.00275089,0.0109215
92.4312,0.0027466,,-0.0027466,0.0109215
92.3247,0.00273468,,-0.00273468,0.0109215
92.2182,0.00273992,,-0.00273992,0.0109215
92.1117,0.00275089,,-0.00275089,0.0109215
92.0052,0.0027466,,-0.0027466,0.0109215
91.9013,0.0027485,,-0.0027485,0.0109215
91.787,0.00273134,,-0.00273134,0.0109215
91.6831,0.00273563,,-0.00273563,0.0109215
91.5766,0.00273754,,-0.00273754,0.0109215
91.4675,0.0027156,,-0.0027156,0.0109215
91.3662,0.00272752,,-0.00272752,0.0109215
91.2623,0.00272895,,-0.00272895,0.0109215
91.1247,0.00272991,,-0.00272991,0.0109215
90.9844,0.00272705,,-0.00272705,0.0109215
90.8519,0.00272943,,-0.00272943,0.0109215
90.7506,0.002728,,-0.002728,0.0109215
90.6494,0.00272514,,-0.00272514,0.0109215
90.5143,0.00271656,,-0.00271656,0.0109215
90.4104,0.00271226,,-0.00271226,0.0109215
90.3039,0.00271083,,-0.00271083,0.0109215
90.2026,0.00271036,,-0.00271036,0.0109215
90.0675,0.0027032,,-0.0027032,0.0109215
89.9299,0.0027032,,-0.0027032,0.0109215
89.826,0.00269414,,-0.00269414,0.0109215
89.7247,0.00269558,,-0.00269558,0.0109215
89.6208,0.00269462,,-0.00269462,0.0109215
89.5169,0.00270511,,-0.00270511,0.0109215
89.4156,0.0027013,,-0.0027013,0.0109215
89.3065,0.00271751,,-0.00271751,0.0109215
89.1688,0.00271131,,-0.00271131,0.0109215
89.0468,0.00270177,,-0.00270177,0.0109215
88.9351,0.00269128,,-0.00269128,0.0109215
88.8104,0.00269748,,-0.00269748,0.0109215
88.7039,0.00270034,,-0.00270034,0.0109215
88.574,0.00270559,,-0.00270559,0.0109215
88.4727,0.00270082,,-0.00270082,0.0109215
88.3688,0.00269987,,-0.00269987,0.0109215
88.239,0.00268175,,-0.00268175,0.0109215
88.1091,0.0026889,,-0.0026889,0.0109215
87.9844,0.00268795,,-0.00268795,0.0109215
87.8545,0.00268699,,-0.00268699,0.0109215
87.7273,0.00267555,,-0.00267555,0.0109215
87.5974,0.00267603,,-0.00267603,0.0109215
87.4701,0.00267555,,-0.00267555,0.0109215
87.3429,0.00267793,,-0.00267793,0.0109215
87.2234,0.00266553,,-0.00266553,0.0109215
87.1013,0.00267889,,-0.00267889,0.0109215
86.9818,0.00267603,,-0.00267603,0.0109215
86.8519,0.0026684,,-0.0026684,0.0109215
86.7221,0.00266363,,-0.00266363,0.0109215
86.5974,0.00265361,,-0.00265361,0.0109215
86.4779,0.00264694,,-0.00264694,0.0109215
86.3766,0.00263788,,-0.00263788,0.0109215
86.2623,0.00264932,,-0.00264932,0.0109215
86.1377,0.00263406,,-0.00263406,0.0109215
86.0182,0.00263168,,-0.00263168,0.0109215
85.8961,0.00262643,,-0.00262643,0.0109215
85.7766,0.00262882,,-0.00262882,0.0109215
85.6494,0.00262834,,-0.00262834,0.0109215
85.5299,0.00263359,,-0.00263359,0.0109215
85.4104,0.00263788,,-0.00263788,0.0109215
85.2909,0.00263597,,-0.00263597,0.0109215
85.1714,0.00264885,,-0.00264885,0.0109215
85.0468,0.00264551,,-0.00264551,0.0109215
84.9299,0.00263406,,-0.00263406,0.0109215
84.8104,0.00262834,,-0.00262834,0.0109215
84.6935,0.00263406,,-0.00263406,0.0109215
84.5714,0.002625,,-0.002625,0.0109215
84.4468,0.00263073,,-0.00263073,0.0109215
84.3221,0.00264455,,-0.00264455,0.0109215
84.2078,0.00264503,,-0.00264503,0.0109215
84.0831,0.00264837,,-0.00264837,0.0109215
83.9662,0.00264741,,-0.00264741,0.0109215
83.8545,0.00265695,,-0.00265695,0.0109215
83.7325,0.00264646,,-0.00264646,0.0109215
83.613,0.00264598,,-0.00264598,0.0109215
83.4935,0.00265171,,-0.00265171,0.0109215
83.3714,0.00265552,,-0.00265552,0.0109215
83.2545,0.00265409,,-0.00265409,0.0109215
83.1403,0.00265266,,-0.00265266,0.0109215
83.0312,0.00264265,,-0.00264265,0.0109215
82.9091,0.00264694,,-0.00264694,0.0109215
82.7948,0.00263931,,-0.00263931,0.0109215
82.6753,0.00264408,,-0.00264408,0.0109215
82.561,0.00264169,,-0.00264169,0.0109215
82.4442,0.00262977,,-0.00262977,0.0109215
82.3351,0.0026312,,-0.0026312,0.0109215
82.2182,0.00262643,,-0.00262643,0.0109215
82.1013,0.00261404,,-0.00261404,0.0109215
81.987,0.0026045,,-0.0026045,0.0109215
81.8727,0.00260402,,-0.00260402,0.0109215
81.7636,0.00260212,,-0.00260212,0.0109215
81.6545,0.00261928,,-0.00261928,0.0109215
81.5377,0.00262453,,-0.00262453,0.0109215
81.426,0.00262548,,-0.00262548,0.0109215
81.3117,0.00261594,,-0.00261594,0.0109215
81.1974,0.00261833,,-0.00261833,0.0109215
81.0805,0.00261737,,-0.00261737,0.0109215
80.9636,0.00260736,,-0.00260736,0.0109215
80.8519,0.00260259,,-0.00260259,0.0109215
80.7429,0.00262024,,-0.00262024,0.0109215
80.6234,0.00261642,,-0.00261642,0.0109215
80.5117,0.00262596,,-0.00262596,0.0109215
80.3974,0.00261213,,-0.00261213,0.0109215
80.2831,0.00262119,,-0.00262119,0.0109215
80.1714,0.00260688,,-0.00260688,0.0109215
80.0597,0.00260831,,-0.00260831,0.0109215
79.9481,0.00261118,,-0.00261118,0.0109215
79.839,0.00260593,,-0.00260593,0.0109215
79.7273,0.00260927,,-0.00260927,0.0109215
79.6182,0.0026169,,-0.0026169,0.0109215
79.5065,0.00262024,,-0.00262024,0.0109215
79.4026,0.00262929,,-0.00262929,0.0109215
79.2935,0.00263263,,-0.00263263,0.0109215
79.1844,0.00263263,,-0.00263263,0.0109215
79.0727,0.00262357,,-0.00262357,0.0109215
78.9662,0.00263216,,-0.00263216,0.0109215
78.8545,0.00261165,,-0.00261165,0.0109215
78.7481,0.00260831,,-0.00260831,0.0109215
78.6442,0.00262167,,-0.00262167,0.0109215
78.5377,0.00261642,,-0.00261642,0.0109215
78.4286,0.00262548,,-0.00262548,0.0109215
78.3195,0.00262262,,-0.00262262,0.0109215
78.213,0.00263359,,-0.00263359,0.0109215
78.1117,0.00263406,,-0.00263406,0.0109215
78.0078,0.0026374,,-0.0026374,0.0109215
77.9013,0.00263168,,-0.00263168,0.0109215
77.7922,0.00262977,,-0.00262977,0.0109215
77.6909,0.00262024,,-0.00262024,0.0109215
77.5818,0.00261928,,-0.00261928,0.0109215
77.4779,0.00260784,,-0.00260784,0.0109215
77.3714,0.00259925,,-0.00259925,0.0109215
77.2701,0.00259544,,-0.00259544,0.0109215
77.1688,0.00259592,,-0.00259592,0.0109215
77.0597,0.00260498,,-0.00260498,0.0109215
76.9558,0.00261165,,-0.00261165,0.0109215
76.8545,0.0026231,,-0.0026231,0.0109215
76.7506,0.00262262,,-0.00262262,0.0109215
76.6234,0.00262453,,-0.00262453,0.0109215
76.5169,0.00262167,,-0.00262167,0.0109215
76.4156,0.00264694,,-0.00264694,0.0109215
76.3039,0.00261737,,-0.00261737,0.0109215
76.1766,0.00261022,,-0.00261022,0.0109215
76.0519,0.00261404,,-0.00261404,0.0109215
75.9351,0.00261928,,-0.00261928,0.0109215
75.813,0.00261118,,-0.00261118,0.0109215
75.6935,0.00261165,,-0.00261165,0.0109215
75.5792,0.00260641,,-0.00260641,0.0109215
75.4571,0.00260116,,-0.00260116,0.0109215
75.3429,0.00259735,,-0.00259735,0.0109215
75.2312,0.00260164,,-0.00260164,0.0109215
75.1169,0.00260688,,-0.00260688,0.0109215
74.9974,0.00260259,,-0.00260259,0.0109215
74.8831,0.00260784,,-0.00260784,0.0109215
74.7688,0.00260736,,-0.00260736,0.0109215
74.6494,0.00261261,,-0.00261261,0.0109215
74.5351,0.00262262,,-0.00262262,0.0109215
74.4338,0.00261594,,-0.00261594,0.0109215
74.3169,0.00261356,,-0.00261356,0.0109215
74.2104,0.00261356,,-0.00261356,0.0109215
74.0909,0.00261213,,-0.00261213,0.0109215
73.9818,0.00262119,,-0.00262119,0.0109215
73.8701,0.00263406,,-0.00263406,0.0109215
73.761,0.00262882,,-0.00262882,0.0109215
73.6519,0.00262596,,-0.00262596,0.0109215
73.5351,0.00263025,,-0.00263025,0.0109215
73.4208,0.00262882,,-0.00262882,0.0109215
73.3091,0.00262405,,-0.00262405,0.0109215
73.1974,0.00262262,,-0.00262262,0.0109215
73.0909,0.00261737,,-0.00261737,0.0109215
72.9818,0.00261308,,-0.00261308,0.0109215
72.8701,0.00260498,,-0.00260498,0.0109215
72.7636,0.00261213,,-0.00261213,0.0109215
72.6519,0.00262024,,-0.00262024,0.0109215
72.5429,0.00262453,,-0.00262453,0.0109215
72.4312,0.00262834,,-0.00262834,0.0109215
72.3013,0.0026231,,-0.0026231,0.0109215
72.1948,0.0026231,,-0.0026231,0.0109215
72.0883,0.0026231,,-0.0026231,0.0109215
71.9792,0.0026312,,-0.0026312,0.0109215
71.8727,0.00264408,,-0.00264408,0.0109215
71.7688,0.0026374,,-0.0026374,0.0109215
71.6649,0.00263931,,-0.00263931,0.0109215
71.5558,0.00264026,,-0.00264026,0.0109215
71.4468,0.00263835,,-0.00263835,0.0109215
71.3429,0.00263788,,-0.00263788,0.0109215
71.2338,0.00263692,,-0.00263692,0.0109215
71.1299,0.00263979,,-0.00263979,0.0109215
71,0.00265361,,-0.00265361,0.0109215
70.8987,0.00263835,,-0.00263835,0.0109215
70.7974,0.00264455,,-0.00264455,0.0109215
70.6883,0.00264646,,-0.00264646,0.0109215
70.5662,0.00264455,,-0.00264455,0.0109215
70.4649,0.00264694,,-0.00264694,0.0109215
70.361,0.00265886,,-0.00265886,0.0109215
70.2571,0.00265314,,-0.00265314,0.0109215
70.1351,0.00265838,,-0.00265838,0.0109215
70.0312,0.00264694,,-0.00264694,0.0109215
69.9247,0.00264503,,-0.00264503,0.0109215
69.8052,0.00265743,,-0.00265743,0.0109215
69.7039,0.00264789,,-0.00264789,0.0109215
69.6,0.00264455,,-0.00264455,0.0109215
69.4779,0.00263454,,-0.00263454,0.0109215
69.3766,0.00263597,,-0.00263597,0.0109215
69.2571,0.00263835,,-0.00263835,0.0109215
69.1351,0.00263454,,-0.00263454,0.0109215
69.013,0.00263692,,-0.00263692,0.0109215
68.8961,0.00262691,,-0.00262691,0.0109215
68.7818,0.00262643,,-0.00262643,0.0109215
68.6779,0.00261928,,-0.00261928,0.0109215
68.5481,0.00262262,,-0.00262262,0.0109215
68.4286,0.00263025,,-0.00263025,0.0109215
68.3091,0.00262834,,-0.00262834,0.0109215
68.1922,0.00261118,,-0.00261118,0.0109215
68.0779,0.00262024,,-0.00262024,0.0109215
67.9584,0.00262834,,-0.00262834,0.0109215
67.8468,0.00262214,,-0.00262214,0.0109215
67.7325,0.00263025,,-0.00263025,0.0109215
67.6156,0.00263931,,-0.00263931,0.0109215
67.4987,0.00262405,,-0.00262405,0.0109215
67.3792,0.00264122,,-0.00264122,0.0109215
67.2623,0.00264598,,-0.00264598,0.0109215
67.1481,0.00264265,,-0.00264265,0.0109215
67.0286,0.0026374,,-0.0026374,0.0109215
66.9143,0.00263597,,-0.00263597,0.0109215
66.8026,0.00262071,,-0.00262071,0.0109215
66.6883,0.00263549,,-0.00263549,0.0109215
66.5766,0.00263931,,-0.00263931,0.0109215
66.4675,0.00264026,,-0.00264026,0.0109215
66.3558,0.0026436,,-0.0026436,0.0109215
66.2416,0.00263216,,-0.00263216,0.0109215
66.1325,0.00264026,,-0.00264026,0.0109215
66.0208,0.00263263,,-0.00263263,0.0109215
65.9091,0.00262786,,-0.00262786,0.0109215
65.8,0.00264217,,-0.00264217,0.0109215
65.6909,0.00263263,,-0.00263263,0.0109215
65.5844,0.00263454,,-0.00263454,0.0109215
65.4779,0.00264789,,-0.00264789,0.0109215
65.3662,0.00264312,,-0.00264312,0.0109215
65.2571,0.00264265,,-0.00264265,0.0109215
65.1325,0.00264598,,-0.00264598,0.0109215
65.0286,0.00265266,,-0.00265266,0.0109215
64.9117,0.00266363,,-0.00266363,0.0109215
64.8,0.00267173,,-0.00267173,0.0109215
64.6909,0.00267459,,-0.00267459,0.0109215
64.5662,0.00267459,,-0.00267459,0.0109215
64.4571,0.00266077,,-0.00266077,0.0109215
64.3558,0.00266744,,-0.00266744,0.0109215
64.2442,0.00267984,,-0.00267984,0.0109215
64.1403,0.00266792,,-0.00266792,0.0109215
64.0338,0.00266601,,-0.00266601,0.0109215
63.9247,0.00267698,,-0.00267698,0.0109215
63.813,0.00266553,,-0.00266553,0.0109215
63.6909,0.00267412,,-0.00267412,0.0109215
63.5844,0.00268127,,-0.00268127,0.0109215
63.4831,0.00268413,,-0.00268413,0.0109215
63.3766,0.00266887,,-0.00266887,0.0109215
63.2727,0.00265695,,-0.00265695,0.0109215
63.1636,0.00267364,,-0.00267364,0.0109215
63.0597,0.00267603,,-0.00267603,0.0109215
62.9584,0.00267841,,-0.00267841,0.0109215
62.8571,0.00266792,,-0.00266792,0.0109215
62.7558,0.00267412,,-0.00267412,0.0109215
62.6494,0.00267221,,-0.00267221,0.0109215
62.5455,0.00267364,,-0.00267364,0.0109215
62.426,0.0026641,,-0.0026641,0.0109215
62.3221,0.00265981,,-0.00265981,0.0109215
62.2078,0.00265075,,-0.00265075,0.0109215
62.0831,0.00265218,,-0.00265218,0.0109215
61.9662,0.00265028,,-0.00265028,0.0109215
61.8649,0.00267221,,-0.00267221,0.0109215
61.7429,0.00266744,,-0.00266744,0.0109215
61.6338,0.00266887,,-0.00266887,0.0109215
61.5325,0.00268747,,-0.00268747,0.0109215
61.4156,0.00269319,,-0.00269319,0.0109215
61.3091,0.00269796,,-0.00269796,0.0109215
61.1974,0.00270416,,-0.00270416,0.0109215
61.0961,0.00268318,,-0.00268318,0.0109215
60.8416,0.00267841,,-0.00267841,0.0109215
60.7221,0.00266935,,-0.00266935,0.0109215
60.6104,0.00266935,,-0.00266935,0.0109215
60.4961,0.00267316,,-0.00267316,0.0109215
60.3948,0.00267078,,-0.00267078,0.0109215
60.2857,0.00265791,,-0.00265791,0.0109215
60.1766,0.00264503,,-0.00264503,0.0109215
60.0597,0.00265552,,-0.00265552,0.0109215
59.9558,0.00266792,,-0.00266792,0.0109215
59.8442,0.00266697,,-0.00266697,0.0109215
59.7351,0.00268175,,-0.00268175,0.0109215
59.626,0.00267603,,-0.00267603,0.0109215
59.5195,0.00268175,,-0.00268175,0.0109215
59.413,0.00268461,,-0.00268461,0.0109215
59.2961,0.00268222,,-0.00268222,0.0109215
59.1948,0.00268652,,-0.00268652,0.0109215
59.0935,0.00269844,,-0.00269844,0.0109215
58.987,0.00268795,,-0.00268795,0.0109215
58.8753,0.00268318,,-0.00268318,0.0109215
58.774,0.00268604,,-0.00268604,0.0109215
58.6727,0.00267555,,-0.00267555,0.0109215
58.5714,0.00267459,,-0.00267459,0.0109215
58.4701,0.00269271,,-0.00269271,0.0109215
58.3532,0.00268318,,-0.00268318,0.0109215
58.2468,0.0026889,,-0.0026889,0.0109215
58.1429,0.00268652,,-0.00268652,0.0109215
58.0364,0.00268556,,-0.00268556,0.0109215
57.9351,0.00269128,,-0.00269128,0.0109215
57.8208,0.00269224,,-0.00269224,0.0109215
57.7143,0.0027156,,-0.0027156,0.0109215
57.613,0.00272419,,-0.00272419,0.0109215
57.5117,0.00272657,,-0.00272657,0.0109215
57.4104,0.0027342,,-0.0027342,0.0109215
57.3039,0.00273992,,-0.00273992,0.0109215
57.2026,0.00272752,,-0.00272752,0.0109215
57.0909,0.00271751,,-0.00271751,0.0109215
56.9714,0.0027156,,-0.0027156,0.0109215
56.8545,0.00270559,,-0.00270559,0.0109215
56.7532,0.00269796,,-0.00269796,0.0109215
56.6416,0.00267221,,-0.00267221,0.0109215
